ID,n_N,n_gap,length,year,lineage,previous
KX148266,0,1,1353,2003,NA,Asian SEA1b
JN786877,0,1,1353,2012,Asian SEA3_A1.1,Asian SEA3
AB116581,0,766,588,-,Asian SEA4_B1,Asian SEA4
AB116582,0,766,588,-,Asian SEA4_B1,Asian SEA4
AB683592,0,230,1124,2009,Asian SEA4_A1.1.1,Asian SEA4
AB683593,0,230,1124,2009,Asian SEA4_A1.1.1,Asian SEA4
AB683594,0,230,1124,2009,Asian SEA4_A1.1.1,Asian SEA4
AB683595,0,230,1124,2005,Asian SEA4_A1.1.2,Asian SEA4
AB683596,0,230,1124,2005,Asian SEA4_A1.1.2,Asian SEA4
AB683633,0,230,1124,2008,Asian SEA4_A1.1.2,Asian SEA4
AB683640,0,230,1124,2009,Asian SEA4_A1.1.2,Asian SEA4
AB683600,0,230,1124,2009,Asian SEA4_A1.1.2,Asian SEA4
AB683607,0,230,1124,2009,Asian SEA4_A1.1.2,Asian SEA4
AB683634,0,230,1124,2008,Asian SEA4_A1.1.2,Asian SEA4
AB683651,0,230,1124,2008,Asian SEA4_A1.1.2,Asian SEA4
AB683598,0,230,1124,2009,Asian SEA4_A1.1.2,Asian SEA4
AB683606,0,230,1124,2009,Asian SEA4_A1.1.2,Asian SEA4
AB683608,0,230,1124,2009,Asian SEA4_A1.1.2,Asian SEA4
AB683599,0,230,1124,2009,Asian SEA4_A1.1.2,Asian SEA4
AB683604,0,230,1124,2009,Asian SEA4_A1.1.2,Asian SEA4
AB683632,0,230,1124,2008,Asian SEA4_A1.1.2,Asian SEA4
AB683635,0,230,1124,2008,Asian SEA4_A1.1.2,Asian SEA4
AB683638,0,230,1124,2008,Asian SEA4_A1.1.2,Asian SEA4
AB683620,0,230,1124,2008,Asian SEA4_A1.1.2,Asian SEA4
AB683623,0,230,1124,2009,Asian SEA4_A1.1.2,Asian SEA4
AB683626,0,230,1124,2009,Asian SEA4_A1.1.2,Asian SEA4
AB683603,0,230,1124,2009,Asian SEA4_A1.1.2,Asian SEA4
AB683601,0,230,1124,2009,Asian SEA4_A1.1.2,Asian SEA4
AB683605,0,230,1124,2009,Asian SEA4_A1.1.2,Asian SEA4
AB683602,0,230,1124,2009,Asian SEA4_A1.1.2,Asian SEA4
AB683621,0,230,1124,2008,Asian SEA4_C1,Asian SEA4
AB683624,0,230,1124,2009,Asian SEA4_C1,Asian SEA4
AB683650,0,230,1124,2008,Asian SEA4_C1,Asian SEA4
AB683625,0,230,1124,2009,Asian SEA4_A1.1.2,Asian SEA4
AB683617,0,232,1122,2005,Asian SEA4_A1.1.2,Asian SEA4
AB683597,0,232,1122,2005,Asian SEA4_B1,Asian SEA4
AB683628,0,232,1122,2009,Asian SEA4_B1.1,Asian SEA4
AB738089,0,232,1122,2006,Asian SEA4_B1.1,Asian SEA4
AB683631,0,232,1122,2007,Asian SEA4_B1,Asian SEA4
AB683630,0,232,1122,2007,Asian SEA4_B1,Asian SEA4
AB683619,0,232,1122,2008,Asian SEA4_B1,Asian SEA4
AB683627,0,232,1122,2009,Asian SEA4_B1,Asian SEA4
AB683629,0,232,1122,2007,Asian SEA4_B1,Asian SEA4
AB683622,0,232,1122,2008,Asian SEA4_B1,Asian SEA4
AB683618,0,232,1122,2008,Asian SEA4_B1,Asian SEA4
AB683637,0,230,1124,2008,Asian SEA4_A1.1.1,Asian SEA4
AB683639,0,230,1124,2008,Asian SEA4_A1.1.1,Asian SEA4
EU086200,0,1,1353,1994,Asian SEA4_A1.1.1,Asian SEA4
EU086205,0,1,1353,2004,Asian SEA4_A1.1.1,Asian SEA4
KX148260,0,1,1353,2004,Asian SEA4_A1.1.1,Asian SEA4
KX148259,0,1,1353,1994,Asian SEA4_A1.1.1,Asian SEA4
EU086202,0,1,1353,1994,Asian SEA4_A1.1.2,Asian SEA4
KX148261,0,1,1353,1994,Asian SEA4_A1.1.2,Asian SEA4
LC550018,0,1,1353,2019,Asian SEA4_C1,Asian SEA4
LC550024,0,1,1353,2019,Asian SEA4_C1,Asian SEA4
LC550027,0,1,1353,2019,Asian SEA4_C1,Asian SEA4
LC550019,0,1,1353,2019,Asian SEA4_C1,Asian SEA4
LC550020,0,1,1353,2019,Asian SEA4_C1,Asian SEA4
LC550021,0,1,1353,2019,Asian SEA4_C1,Asian SEA4
LC550025,0,1,1353,2019,Asian SEA4_C1,Asian SEA4
LC550026,0,1,1353,2019,Asian SEA4_C1,Asian SEA4
LC550022,0,1,1353,2019,Asian SEA4_C1,Asian SEA4
LC550023,0,1,1353,2019,Asian SEA4_C1,Asian SEA4
MN726844,2,1,1351,2014,Asian SEA4_C1,Asian SEA4
MN726845,1,1,1352,2012,Asian SEA4_C1,Asian SEA4
MN726859,0,1,1353,2015,Asian SEA4_C1,Asian SEA4
MN726850,3,1,1350,2015,Asian SEA4_C1,Asian SEA4
MN726864,1,1,1352,2016,Asian SEA4_C1,Asian SEA4
MN857170,0,1,1353,2019,Asian SEA4_C1,Asian SEA4
MN857168,0,1,1353,2019,Asian SEA4_C1,Asian SEA4
MN857171,0,1,1353,2019,Asian SEA4_C1,Asian SEA4
MN857167,0,1,1353,2019,Asian SEA4_C1,Asian SEA4
MN726842,0,1,1353,2019,Asian SEA4_A1.1.2,Asian SEA4
MN726880,0,1,1353,2019,Asian SEA4_A1.1.2,Asian SEA4
MN726852,0,1,1353,2018,Asian SEA4_A1.1.2,Asian SEA4
MN726876,0,1,1353,2018,Asian SEA4_A1.1.2,Asian SEA4
MN726860,2,1,1351,2018,Asian SEA4_A1.1.2,Asian SEA4
MN726875,1,1,1352,2018,Asian SEA4_A1.1.2,Asian SEA4
MN726877,2,1,1351,2015,Asian SEA4_A1.1.2,Asian SEA4
KX148262,0,1,1353,1994,Asian SEA4_A1.1.1,Asian SEA4
AB683636,0,230,1124,2008,Asian SEA4_A1.1.1,Asian SEA4
AB683616,0,230,1124,2009,Asian SEA4_A1.1.1,Asian SEA4
AB698023,0,230,1124,2006,Asian SEA4_A1.1,Asian SEA4
AB698024,0,230,1124,2006,Asian SEA4_A1.1,Asian SEA4
AB683641,0,230,1124,2008,Asian SEA4_A1,Asian SEA4
AB683645,0,230,1124,2009,Asian SEA4_A1,Asian SEA4
AB683652,0,230,1124,2009,Asian SEA4_A1,Asian SEA4
AB683642,0,230,1124,2008,Asian SEA4_A1,Asian SEA4
AB683644,0,230,1124,2009,Asian SEA4_A1,Asian SEA4
AB683646,0,230,1124,2009,Asian SEA4_A1,Asian SEA4
AB683643,0,230,1124,2009,Asian SEA4_A1,Asian SEA4
AB738088,0,230,1124,2006,Asian SEA4_A1,Asian SEA4
EU086201,0,1,1353,1994,Asian SEA4_A1.1,Asian SEA4
MN726863,0,1,1353,2015,Asian SEA4_A1.1,Asian SEA4
18-118,0,1,1353,2018,Asian SEA4_A1.2,Asian SEA4
18-164,0,1,1353,2018,Asian SEA4_A1.2,Asian SEA4
AB683609,0,230,1124,2008,Asian SEA4_A1.2,Asian SEA4
AB683648,0,230,1124,2009,Asian SEA4_A1.2,Asian SEA4
AB683612,0,230,1124,2008,Asian SEA4_A1.2,Asian SEA4
AB683615,0,230,1124,2009,Asian SEA4_A1.2,Asian SEA4
AB683610,0,230,1124,2008,Asian SEA4_A1.2,Asian SEA4
AB683614,0,230,1124,2009,Asian SEA4_A1.2,Asian SEA4
AB683649,0,230,1124,2009,Asian SEA4_A1.2,Asian SEA4
AB683611,0,230,1124,2008,Asian SEA4_A1.2,Asian SEA4
AB683613,0,230,1124,2008,Asian SEA4_A1.2,Asian SEA4
AB683647,0,230,1124,2009,Asian SEA4_A1.2,Asian SEA4
18-179,0,1,1353,2018,Asian SEA4_A1.2,Asian SEA4
EU086203,0,1,1353,2000,Asian SEA4_A1.2,Asian SEA4
EU086204,0,1,1353,2001,Asian SEA4_A1.2,Asian SEA4
18-092,0,1,1353,2018,Asian SEA4_D1,Asian SEA4
18-102,0,1,1353,2018,Asian SEA4_D1,Asian SEA4
18-121,0,1,1353,2018,Asian SEA4_D1,Asian SEA4
18-199,0,1,1353,2018,Asian SEA4_D1,Asian SEA4
18-130,0,1,1353,2018,Asian SEA4_D1,Asian SEA4
18-144,0,1,1353,2018,Asian SEA4_D1,Asian SEA4
18-147,0,1,1353,2018,Asian SEA4_D1,Asian SEA4
18-224,0,1,1353,2018,Asian SEA4_D1,Asian SEA4
18-216,0,1,1353,2018,Asian SEA4_D1,Asian SEA4
18-103,0,1,1353,2018,Asian SEA4_D1,Asian SEA4
18-225,0,1,1353,2018,Asian SEA4_D1,Asian SEA4
18-135,0,1,1353,2018,Asian SEA4_D1,Asian SEA4
18-116,0,1,1353,2018,Asian SEA4_D1,Asian SEA4
19-004,0,1,1353,2019,Asian SEA4_D1,Asian SEA4
19-045,0,1,1353,2019,Asian SEA4_D1,Asian SEA4
18-194,0,1,1353,2018,Asian SEA4_D1,Asian SEA4
18-096,0,1,1353,2018,Asian SEA4_A1.2.1,Asian SEA4
19-022,0,1,1353,2019,Asian SEA4_A1.2.1,Asian SEA4
18-223,0,1,1353,2018,Asian SEA4_A1.2.1,Asian SEA4
18-138,0,1,1353,2018,Asian SEA4_A1.2.1,Asian SEA4
18-151,0,1,1353,2018,Asian SEA4_A1.2.1,Asian SEA4
18-094,0,1,1353,2018,Asian SEA4_A1.2.2,Asian SEA4
18-099,0,1,1353,2018,Asian SEA4_A1.2.2,Asian SEA4
18-101,0,1,1353,2018,Asian SEA4_A1.2.2,Asian SEA4
18-163,0,1,1353,2018,Asian SEA4_A1.2.2,Asian SEA4
18-172,0,1,1353,2018,Asian SEA4_A1.2.2,Asian SEA4
18-183,0,1,1353,2018,Asian SEA4_A1.2.2,Asian SEA4
18-181,0,1,1353,2018,Asian SEA4_A1.2.2,Asian SEA4
18-133,0,1,1353,2018,Asian SEA4_A1.2.2,Asian SEA4
18-106,0,1,1353,2018,Asian SEA4_A1.2.2,Asian SEA4
18-162,0,1,1353,2018,Asian SEA4_A1.2.2,Asian SEA4
18-174,0,1,1353,2018,Asian SEA4_A1.2.2,Asian SEA4
18-209,0,1,1353,2018,Asian SEA4_A1.2.2,Asian SEA4
18-221,0,1,1353,2018,Asian SEA4_A1.2.2,Asian SEA4
19-015,0,1,1353,2019,Asian SEA4_A1.2.2,Asian SEA4
18-214,0,1,1353,2018,Asian SEA4_A1.2.2,Asian SEA4
19-011,0,1,1353,2019,Asian SEA4_A1.2.2,Asian SEA4
19-050,0,1,1353,2019,Asian SEA4_A1.2.2,Asian SEA4
18-107,0,1,1353,2018,Asian SEA4_A1.2.2,Asian SEA4
18-114,0,1,1353,2018,Asian SEA4_A1.2,Asian SEA4
18-120,0,1,1353,2018,Asian SEA4_A1.2.2,Asian SEA4
18-153,0,1,1353,2018,Asian SEA4_A1.2.2,Asian SEA4
18-188,0,1,1353,2018,Asian SEA4_A1.2.2,Asian SEA4
18-196,0,1,1353,2018,Asian SEA4_A1.2.2,Asian SEA4
18-191,0,1,1353,2018,Asian SEA4_A1.2.2,Asian SEA4
18-142,0,1,1353,2018,Asian SEA4_A1.2.2,Asian SEA4
MN726836,0,1,1353,2013,Asian SEA4_B1,Asian SEA4
MN726869,0,1,1353,2013,Asian SEA4_B1,Asian SEA4
MN726866,0,1,1353,2014,Asian SEA4_B1,Asian SEA4
MN726838,0,1,1353,2013,Asian SEA4_B1,Asian SEA4
MN726871,0,1,1353,2013,Asian SEA4_B1,Asian SEA4
MN726843,14,1,1339,2012,Asian SEA4_B1,Asian SEA4
MN726874,0,1,1353,2012,Asian SEA4_B1,Asian SEA4
MN726846,0,1,1353,2015,Asian SEA4_B1,Asian SEA4
MN726867,0,1,1353,2012,Asian SEA4_B1,Asian SEA4
MN726868,0,1,1353,2016,Asian SEA4_B1,Asian SEA4
MN726837,1,1,1352,2013,Asian SEA4_B1.1,Asian SEA4
MN726851,0,1,1353,2014,Asian SEA4_B1.1,Asian SEA4
MN726854,0,1,1353,2015,Asian SEA4_B1.1,Asian SEA4
MN726882,0,1,1353,2019,Asian SEA4_B1.1,Asian SEA4
MN726855,0,1,1353,2016,Asian SEA4_B1.1,Asian SEA4
MN726881,0,1,1353,2015,Asian SEA4_B1.1,Asian SEA4
MN726856,0,1,1353,2012,Asian SEA4_B1.1,Asian SEA4
MN726861,0,1,1353,2015,Asian SEA4_B1.1,Asian SEA4
MN726847,0,1,1353,2017,Asian SEA4_B1.1,Asian SEA4
MN726853,0,1,1353,2012,Asian SEA4_B1.1,Asian SEA4
MN726839,0,1,1353,2015,Asian SEA4_B1.1,Asian SEA4
MN726848,0,1,1353,2016,Asian SEA4_B1.1,Asian SEA4
MN726865,1,1,1352,2014,Asian SEA4_B1.1,Asian SEA4
MN857169,0,1,1353,2019,Asian SEA4_B1.1,Asian SEA4
MN726840,1,1,1352,2015,Asian SEA4_B1,Asian SEA4
MN726862,0,1,1353,2013,Asian SEA4_B1,Asian SEA4
MN726873,0,1,1353,2014,Asian SEA4_B1,Asian SEA4
MN726858,0,1,1353,2016,Asian SEA4_B1,Asian SEA4
MN726878,1,1002,351,2018,Asian SEA4_B1.1,Asian SEA4
MN726857,16,69,1269,2016,Asian SEA4_B1,Asian SEA4
MN726849,3,1002,349,2015,Asian SEA4_B1.1,Asian SEA4
KX148263,0,1,1353,1994,Asian SEA4_A1.1,Asian SEA4
MN726841,0,1,1353,2014,Asian SEA4_A1.1,Asian SEA4
MN726879,0,1,1353,2012,Asian SEA4_A1.1,Asian SEA4
MN726872,0,1,1353,2017,Asian SEA4_A1.1,Asian SEA4
MN726870,0,1,1353,2014,Asian SEA4_A1.1,Asian SEA4
AB154208,0,42,1312,2001,NA,Asian SEA1b
AB154229,0,42,1312,2002,NA,Asian SEA1b
AB154214,0,42,1312,2001,NA,Asian SEA1b
AB154232,0,42,1312,2002,NA,Asian SEA1b
AB154224,0,42,1312,2002,NA,Asian SEA1b
AB154211,0,42,1312,2002,NA,Asian SEA1b
AB154225,0,42,1312,2000,NA,Asian SEA1b
AB154243,0,42,1312,2002,NA,Asian SEA1b
AB154228,0,42,1312,2001,NA,Asian SEA1b
AB154209,0,42,1312,2001,NA,Asian SEA1b
AB154210,0,42,1312,2001,NA,Asian SEA1b
AB154227,0,42,1312,2000,NA,Asian SEA1b
AB154231,0,42,1312,2002,NA,Asian SEA1b
AB154213,0,42,1312,2001,NA,Asian SEA1b
AB154230,0,42,1312,2002,NA,Asian SEA1b
AB154233,0,42,1312,1997,NA,Asian SEA1b
AB154237,0,42,1312,2001,NA,Asian SEA1b
AB154226,0,42,1312,2000,NA,Asian SEA1b
AB154212,0,42,1312,2001,NA,Asian SEA1b
AB154242,0,42,1312,2001,NA,Asian SEA1b
AB154234,0,42,1312,2000,NA,Asian SEA1b
AB154235,0,42,1312,2000,NA,Asian SEA1b
AB154238,0,42,1312,2001,NA,Asian SEA1b
EU086192,0,1,1353,2003,NA,Asian SEA1b
JX462640,0,820,534,2008,NA,Asian SEA1b
JX462641,0,820,534,2009,NA,Asian SEA1b
JX462642,0,820,534,2010,NA,Asian SEA1b
JX462643,0,820,534,2010,NA,Asian SEA1b
AB154215,0,42,1312,2001,Asian SEA1b_A1,Asian SEA1b
AB154217,0,42,1312,2002,Asian SEA1b_A1,Asian SEA1b
AB154218,0,42,1312,1997,Asian SEA1b_A1,Asian SEA1b
AB154216,0,42,1312,2002,Asian SEA1b_A1,Asian SEA1b
AB154241,0,42,1312,1997,Asian SEA1b_A1,Asian SEA1b
AB154221,0,42,1312,2000,Asian SEA1b_A1.1.1,Asian SEA1b
AB154223,0,42,1312,1997,Asian SEA1b_A1.1.1,Asian SEA1b
MF620996,0,163,1191,2017,Asian SEA1b_B1,Asian SEA1b
MW690143,0,1,1353,2017,Asian SEA1b_B1,Asian SEA1b
MW690144,0,1,1353,2017,Asian SEA1b_B1,Asian SEA1b
MW690145,0,1,1353,2017,Asian SEA1b_B1,Asian SEA1b
MW690146,0,1,1353,2017,Asian SEA1b_B1,Asian SEA1b
MW690147,0,1,1353,2017,Asian SEA1b_B1,Asian SEA1b
MW690148,0,1,1353,2017,Asian SEA1b_B1,Asian SEA1b
MW690149,0,1,1353,2018,Asian SEA1b_B1,Asian SEA1b
MW690151,0,1,1353,2018,Asian SEA1b_B1,Asian SEA1b
MW690153,0,1,1353,2018,Asian SEA1b_B1,Asian SEA1b
MW690150,0,1,1353,2018,Asian SEA1b_B1,Asian SEA1b
AB154222,0,42,1312,2001,Asian SEA1b_A1.1.1,Asian SEA1b
AB154239,0,42,1312,2001,Asian SEA1b_A1.1.1,Asian SEA1b
AB154240,0,42,1312,2002,Asian SEA1b_A1.1.1,Asian SEA1b
JX462633,0,820,534,2009,Asian SEA1b_A1.1.1,Asian SEA1b
JX462637,0,820,534,2009,Asian SEA1b_A1.1,Asian SEA1b
JX462638,0,820,534,2009,Asian SEA1b_A1.1,Asian SEA1b
JX462639,0,820,534,2009,Asian SEA1b_A1.1,Asian SEA1b
JQ768453,0,208,1146,2010,A1.1,Asian SEA1b
JQ768454,0,463,891,2010,A1.1,Asian SEA1b
JQ768455,0,463,891,2010,A1.1,Asian SEA1b
JQ768457,0,463,891,2010,A1.1,Asian SEA1b
JQ768458,0,463,891,2010,A1.1,Asian SEA1b
JQ768456,0,463,891,2010,A1.1,Asian SEA1b
KF482528,0,908,446,2009,A1.1,Asian SEA1b
KF482529,0,908,446,2009,A1.1,Asian SEA1b
KF482530,2,908,444,2010,A1.1,Asian SEA1b
KF482531,0,908,446,2010,A1.1,Asian SEA1b
KF482532,0,908,446,2010,A1.1,Asian SEA1b
JX448340,0,189,1165,2009,A1.1,Asian SEA1b
JX462616,0,189,1165,2009,A1.1,Asian SEA1b
JX462617,0,189,1165,2009,A1.1,Asian SEA1b
JX462625,0,189,1165,2009,A1.1,Asian SEA1b
JX462619,0,189,1165,2009,A1.1,Asian SEA1b
JX462623,0,189,1165,2009,A1.1,Asian SEA1b
JX462618,0,189,1165,2009,A1.1,Asian SEA1b
JX462624,0,189,1165,2009,A1.1,Asian SEA1b
JX462620,0,189,1165,2009,A1.1,Asian SEA1b
JX462621,0,189,1165,2009,A1.1,Asian SEA1b
JX462626,0,189,1165,2009,A1.1,Asian SEA1b
JX462622,0,189,1165,2009,A1.1,Asian SEA1b
JX462627,0,820,534,2009,A1.1,Asian SEA1b
JX462629,0,820,534,2009,A1.1,Asian SEA1b
JX462630,0,820,534,2010,A1.1,Asian SEA1b
JX462628,0,820,534,2009,A1.1,Asian SEA1b
JX462631,0,820,534,2010,A1.1,Asian SEA1b
JX462632,0,820,534,2010,A1.1,Asian SEA1b
JX462634,0,820,534,2008,A1,Asian SEA1b
JX462635,0,820,534,2009,A1,Asian SEA1b
JX462636,0,820,534,2009,A1,Asian SEA1b
AB614386,0,970,384,2008,A1.1,Asian SEA1b
MW055214,0,1,1353,2017,C1,Asian SEA1b
MW055215,0,1,1353,2017,C1,Asian SEA1b
MW055216,0,1,1353,2017,C1,Asian SEA1b
MW055217,0,1,1353,2017,C1,Asian SEA1b
MW055218,0,1,1353,2017,C1,Asian SEA1b
MW055219,0,1,1353,2017,C1,Asian SEA1b
MW055220,0,1,1353,2018,C1,Asian SEA1b
MW055221,0,1,1353,2018,C1,Asian SEA1b
MW055222,0,1,1353,2018,C1,Asian SEA1b
MW055223,0,1,1353,2018,C1,Asian SEA1b
MW055224,0,1,1353,2017,C1,Asian SEA1b
MW055225,0,1,1353,2017,C1,Asian SEA1b
MW055226,0,1,1353,2017,C1,Asian SEA1b
MW055227,0,1,1353,2017,C1,Asian SEA1b
MW055228,0,1,1353,2017,C1,Asian SEA1b
MW055229,0,1,1353,2018,C1,Asian SEA1b
MW055230,0,1,1353,2018,C1,Asian SEA1b
MW055231,0,1,1353,2018,C1,Asian SEA1b
MW055232,0,1,1353,2017,A1.1.2,Asian SEA1b
MW055233,0,1,1353,2017,A1.1.2,Asian SEA1b
AB614379,0,973,381,2007,A1.1.1,Asian SEA1b
AB614388,0,973,381,2008,A1.1.1,Asian SEA1b
AB614380,0,970,384,2007,A1.1.1,Asian SEA1b
AB614381,0,970,384,2007,A1.1.1,Asian SEA1b
AB614382,0,970,384,2007,A1.1.1,Asian SEA1b
AB614387,0,970,384,2008,A1.1.1,Asian SEA1b
AB614391,0,970,384,2008,A1.1.1,Asian SEA1b
AB614390,0,970,384,2008,A1.1.1,Asian SEA1b
AB614389,0,967,387,2008,A1.1.1,Asian SEA1b
AB614392,0,1112,242,2008,A1.1.1,Asian SEA1b
AB614393,0,975,379,2009,A1.1.1,Asian SEA1b
AB093427,0,1114,240,1999,Asian SEA3_A1.1,Asian SEA3
AB093431,0,1114,240,1999,Asian SEA3_A1.1,Asian SEA3
AB093433,0,1114,240,1999,Asian SEA3_A1.1,Asian SEA3
AB093435,0,1114,240,1999,Asian SEA3_A1.1,Asian SEA3
AB093441,0,1114,240,1999,Asian SEA3_A1.1,Asian SEA3
AB093445,0,1114,240,1999,Asian SEA3_A1.1,Asian SEA3
AB093439,0,1114,240,1999,Asian SEA3_A1.1,Asian SEA3
AB093461,0,1114,240,1999,Asian SEA3_A1.1,Asian SEA3
AB093437,0,1114,240,1999,Asian SEA3_A1.1,Asian SEA3
AB093443,0,1114,240,1999,Asian SEA3_A1.1.5,Asian SEA3
AB093447,0,1114,240,1999,Asian SEA3_A1.1.5,Asian SEA3
AB093453,0,1114,240,1999,Asian SEA3_A1.1.5,Asian SEA3
AB093467,0,1114,240,2000,Asian SEA3_A1.1.5,Asian SEA3
AB093465,0,1114,240,1999,Asian SEA3_A1.1.5,Asian SEA3
AB093469,0,1114,240,2000,Asian SEA3_A1.1.5,Asian SEA3
AB093463,0,1114,240,1999,Asian SEA3_A1.1.5,Asian SEA3
AB093449,0,1114,240,1999,Asian SEA3_A1.1,Asian SEA3
AB093455,0,1114,240,2000,Asian SEA3_A1.1,Asian SEA3
AB093457,0,1114,240,2000,Asian SEA3_A1.1,Asian SEA3
AB093471,0,1114,240,2000,Asian SEA3_A1.1.5,Asian SEA3
AB093459,0,1114,240,2000,Asian SEA3_A1.1.5,Asian SEA3
D85383,0,1151,203,-,B1.1,Asian SEA3
D85385,0,1151,203,-,Asian SEA3_A1.1,Asian SEA3
D85386,0,1151,203,-,Asian SEA3_A1.1,Asian SEA3
D85384,0,1151,203,-,B1.1,Asian SEA3
AB093451,0,1114,240,1999,Asian SEA3_A1.1,Asian SEA3
AB093429,0,1114,240,1999,Asian SEA3_A1.1,Asian SEA3
AB093428,0,1085,269,1999,Asian SEA3_A1.1,Asian SEA3
AB093442,0,1085,269,1999,Asian SEA3_A1.1,Asian SEA3
AB093436,0,1085,269,1999,Asian SEA3_A1.1,Asian SEA3
AB093446,0,1085,269,1999,Asian SEA3_A1.1,Asian SEA3
AB093438,0,1085,269,1999,Asian SEA3_A1.1,Asian SEA3
AB093440,0,1085,269,1999,Asian SEA3_A1.1,Asian SEA3
AB093444,0,1085,269,1999,Asian SEA3_A1.1,Asian SEA3
AB093458,0,1085,269,2000,Asian SEA3_A1.1,Asian SEA3
AB093450,0,1085,269,1999,Asian SEA3_A1.1,Asian SEA3
AB093456,0,1085,269,2000,Asian SEA3_A1.1,Asian SEA3
AB093448,0,1085,269,1999,Asian SEA3_H1,Asian SEA3
AB093460,0,1085,269,2000,Asian SEA3_H1,Asian SEA3
AB093466,0,1085,269,1999,Asian SEA3_H1,Asian SEA3
AB093464,0,1085,269,1999,Asian SEA3_H1,Asian SEA3
AB093468,0,1085,269,2000,Asian SEA3_H1,Asian SEA3
AB093470,0,1085,269,2000,Asian SEA3_H1,Asian SEA3
AB093472,0,1085,269,2000,Asian SEA3_H1,Asian SEA3
AB093462,0,1085,269,1999,Asian SEA3_A1.1,Asian SEA3
AB093452,0,1085,269,1999,Asian SEA3_A1.1,Asian SEA3
AB093454,0,1085,269,1999,Asian SEA3_H1,Asian SEA3
KP315881,0,1039,315,2014,Asian SEA3_A1.1,Asian SEA3
KP315882,0,1039,315,2014,Asian SEA3_A1.1,Asian SEA3
KP315883,0,1039,315,2014,Asian SEA3_A1.1,Asian SEA3
KP315884,0,1039,315,2013,Asian SEA3_A1.1,Asian SEA3
KP315885,0,1039,315,2012,Asian SEA3_A1.1,Asian SEA3
KP315886,0,1039,315,2012,Asian SEA3_A1.1,Asian SEA3
KP315887,0,1039,315,2013,Asian SEA3_A1.1,Asian SEA3
KP315888,0,1039,315,2012,Asian SEA3_A1.1,Asian SEA3
KP315889,0,1039,315,2012,Asian SEA3_A1.1,Asian SEA3
KP315890,0,1039,315,2013,Asian SEA3_A1.1,Asian SEA3
KP315891,0,1039,315,2012,Asian SEA3_A1.1,Asian SEA3
KP315892,0,1039,315,2012,Asian SEA3_A1.1,Asian SEA3
KP315893,0,1039,315,2011,Asian SEA3_A1.1,Asian SEA3
KP315894,0,1039,315,2012,Asian SEA3_A1.1,Asian SEA3
KP315895,0,1039,315,2012,Asian SEA3_A1.1,Asian SEA3
KP315896,0,1039,315,2012,Asian SEA3_A1.1,Asian SEA3
KP315897,0,1039,315,2012,Asian SEA3_A1.1,Asian SEA3
KP315898,0,1039,315,2012,Asian SEA3_A1.1,Asian SEA3
KP315900,0,1039,315,2012,Asian SEA3_A1.1,Asian SEA3
KP315899,0,1039,315,2012,Asian SEA3_A1.1,Asian SEA3
KP315901,0,1039,315,2012,Asian SEA3_A1.1,Asian SEA3
KP315902,0,1039,315,2012,Asian SEA3_A1.1,Asian SEA3
AB093430,0,1088,266,1999,Asian SEA3_A1.1,Asian SEA3
AB093434,0,1088,266,1999,Asian SEA3_A1.1,Asian SEA3
AY849250,0,1033,321,2003,Asian SEA3_A1.1,Asian SEA3
AY849258,0,1033,321,2003,Asian SEA3_A1.1,Asian SEA3
AY580093,0,1053,301,2001,Asian SEA3_A1.1,Asian SEA3
AY580104,0,1053,301,1999,Asian SEA3_A1.1,Asian SEA3
AY580112,0,1053,301,2001,Asian SEA3_A1.1,Asian SEA3
AY580095,0,1053,301,2001,Asian SEA3_A1.1,Asian SEA3
AY580113,0,1053,301,2001,Asian SEA3_A1.1,Asian SEA3
AY580115,0,1053,301,2001,Asian SEA3_A1.1,Asian SEA3
AY580118,0,1053,301,2001,Asian SEA3_A1.1,Asian SEA3
AY580153,0,1053,301,1999,Asian SEA3_A1.1,Asian SEA3
AY580132,0,1053,301,1999,Asian SEA3_A1.1,Asian SEA3
AY580144,0,1053,301,1999,Asian SEA3_A1.1,Asian SEA3
AY580096,0,1053,301,1999,Asian SEA3_A1.1,Asian SEA3
AY580125,0,1053,301,2001,Asian SEA3_A1.1,Asian SEA3
AY580101,0,1053,301,1999,Asian SEA3_A1.1,Asian SEA3
AY580128,0,1053,301,1999,Asian SEA3_A1.1,Asian SEA3
AY580109,0,1053,301,2001,Asian SEA3_A1.1,Asian SEA3
AY580149,0,1053,301,2001,Asian SEA3_A1.1,Asian SEA3
AY580150,0,1053,301,2001,Asian SEA3_A1.1,Asian SEA3
AY580158,0,1053,301,2001,Asian SEA3_A1.1,Asian SEA3
AY580148,0,1053,301,2001,Asian SEA3_A1.1,Asian SEA3
AY580151,0,1053,301,2001,Asian SEA3_A1.1,Asian SEA3
AY580157,0,1053,301,2001,Asian SEA3_A1.1,Asian SEA3
AY849023,0,1031,323,2001,Asian SEA3_A1.1,Asian SEA3
AY849028,0,1031,323,1999,Asian SEA3_A1.1,Asian SEA3
AY849116,0,1031,323,2001,Asian SEA3_A1.1,Asian SEA3
AY849120,0,1031,323,2001,Asian SEA3_A1.1,Asian SEA3
AY849039,0,1031,323,2001,Asian SEA3_A1.1,Asian SEA3
AY849058,0,1031,323,2001,Asian SEA3_A1.1,Asian SEA3
AY849059,0,1031,323,2001,Asian SEA3_A1.1,Asian SEA3
AY849100,0,1031,323,2001,Asian SEA3_A1.1,Asian SEA3
AY849108,0,1031,323,2001,Asian SEA3_A1.1,Asian SEA3
AY849057,0,1031,323,2001,Asian SEA3_A1.1,Asian SEA3
AY849060,0,1031,323,2001,Asian SEA3_A1.1,Asian SEA3
AY849062,0,1031,323,2001,Asian SEA3_A1.1,Asian SEA3
AY849110,0,1031,323,2001,Asian SEA3_A1.1,Asian SEA3
AY849129,0,1031,323,1999,Asian SEA3_A1.1,Asian SEA3
AY849061,0,1031,323,2001,Asian SEA3_A1.1,Asian SEA3
AY849127,0,1031,323,2001,Asian SEA3_A1.1,Asian SEA3
AY849079,0,1031,323,2001,Asian SEA3_A1.1,Asian SEA3
AY849083,0,1031,323,2001,Asian SEA3_A1.1,Asian SEA3
AY849084,0,1031,323,2001,Asian SEA3_A1.1,Asian SEA3
AY849085,0,1031,323,2001,Asian SEA3_A1.1,Asian SEA3
AY849088,0,1031,323,2001,Asian SEA3_A1.1,Asian SEA3
AY849089,0,1031,323,2001,Asian SEA3_A1.1,Asian SEA3
AY849090,0,1031,323,2001,Asian SEA3_A1.1,Asian SEA3
AY849091,0,1031,323,2001,Asian SEA3_A1.1,Asian SEA3
AY849092,0,1031,323,2001,Asian SEA3_A1.1,Asian SEA3
AY849094,0,1031,323,2001,Asian SEA3_A1.1,Asian SEA3
AY849095,0,1031,323,2001,Asian SEA3_A1.1,Asian SEA3
AY849096,0,1031,323,2001,Asian SEA3_A1.1,Asian SEA3
AY849097,0,1031,323,2001,Asian SEA3_A1.1,Asian SEA3
AY849098,0,1031,323,2001,Asian SEA3_A1.1,Asian SEA3
AY849101,0,1031,323,2001,Asian SEA3_A1.1,Asian SEA3
AY849103,0,1031,323,2001,Asian SEA3_A1.1,Asian SEA3
AY849107,0,1031,323,2001,Asian SEA3_A1.1,Asian SEA3
AY849119,0,1031,323,2001,Asian SEA3_A1.1,Asian SEA3
AY849102,0,1031,323,2002,Asian SEA3_A1.1,Asian SEA3
AY849245,0,1031,323,2003,Asian SEA3_A1.1,Asian SEA3
AY849257,0,1031,323,2003,Asian SEA3_A1.1,Asian SEA3
AY849235,0,1031,323,2003,Asian SEA3_A1.1,Asian SEA3
AY849104,0,1031,323,2002,Asian SEA3_A1.1,Asian SEA3
AY849131,0,1031,323,1999,Asian SEA3_A1.1,Asian SEA3
AY849244,0,1031,323,2002,Asian SEA3_A1.1,Asian SEA3
AY849159,0,1031,323,2001,Asian SEA3_A1.1,Asian SEA3
AY849231,0,1031,323,2002,Asian SEA3_A1.1,Asian SEA3
AY849232,0,1031,323,2002,Asian SEA3_A1.1,Asian SEA3
AY849233,0,1031,323,2003,Asian SEA3_A1.1,Asian SEA3
AY849164,0,1031,323,2002,Asian SEA3_A1.1,Asian SEA3
AY849177,0,1031,323,2002,Asian SEA3_A1.1,Asian SEA3
AY849187,0,1031,323,1998,Asian SEA3_A1.1,Asian SEA3
AY849195,0,1031,323,2001,Asian SEA3_A1.1,Asian SEA3
AY849201,0,1031,323,2000,Asian SEA3_A1.1,Asian SEA3
AY849206,0,1031,323,2002,Asian SEA3_A1.1,Asian SEA3
AY849207,0,1031,323,2002,Asian SEA3_A1.1,Asian SEA3
AY849165,0,1031,323,2002,Asian SEA3_A1.1,Asian SEA3
AY849168,0,1031,323,2002,Asian SEA3_A1.1,Asian SEA3
AY849186,0,1031,323,2002,Asian SEA3_A1.1,Asian SEA3
AY849200,0,1031,323,2003,Asian SEA3_A1.1,Asian SEA3
AY849193,0,1031,323,2002,Asian SEA3_A1.1,Asian SEA3
AY849214,0,1031,323,2001,Asian SEA3_A1.1,Asian SEA3
AY849221,0,1031,323,2002,Asian SEA3_A1.1,Asian SEA3
AY849203,0,1031,323,2001,Asian SEA3_A1.1,Asian SEA3
AY849184,0,1031,323,2001,Asian SEA3_A1.1,Asian SEA3
AY849196,0,1031,323,2002,Asian SEA3_A1.1,Asian SEA3
AY849216,0,1031,323,2000,Asian SEA3_A1.1,Asian SEA3
AY849069,0,1031,323,2000,Asian SEA3_A1.1,Asian SEA3
AY849081,0,1031,323,2002,Asian SEA3_A1.1,Asian SEA3
AY849082,0,1031,323,2002,Asian SEA3_A1.1,Asian SEA3
AY849208,0,1031,323,2000,Asian SEA3_A1.1,Asian SEA3
AY849213,0,1031,323,2001,Asian SEA3_A1.1,Asian SEA3
AY849124,0,1031,323,2001,Asian SEA3_A1.1,Asian SEA3
AY849167,0,1031,323,2001,Asian SEA3_A1.1,Asian SEA3
AY849125,0,1031,323,2001,Asian SEA3_A1.1,Asian SEA3
AY849224,0,1031,323,2001,Asian SEA3_A1.1,Asian SEA3
AY849218,0,1031,323,2000,Asian SEA3_A1.1,Asian SEA3
AY849034,0,1031,323,1999,Asian SEA3_A1.1,Asian SEA3
AY849117,0,1031,323,2001,Asian SEA3_A1.1,Asian SEA3
AY849132,0,1031,323,2001,Asian SEA3_A1.1,Asian SEA3
AY849141,0,1031,323,2001,Asian SEA3_A1.1,Asian SEA3
AY849226,0,1031,323,1999,Asian SEA3_A1.1,Asian SEA3
AY849115,0,1031,323,2001,Asian SEA3_A1.1,Asian SEA3
AY849133,0,1031,323,2001,Asian SEA3_A1.1,Asian SEA3
AY849137,0,1031,323,2001,Asian SEA3_A1.1,Asian SEA3
AY849138,0,1031,323,2001,Asian SEA3_A1.1,Asian SEA3
AY849046,0,1031,323,1999,Asian SEA3_A1.1,Asian SEA3
AY849114,0,1031,323,1999,Asian SEA3_A1.1,Asian SEA3
AY849161,0,1031,323,2001,Asian SEA3_A1.1,Asian SEA3
AY849176,0,1031,323,2001,Asian SEA3_A1.1,Asian SEA3
AY849204,0,1031,323,2001,Asian SEA3_A1.1,Asian SEA3
AY849215,0,1031,323,2001,Asian SEA3_A1.1,Asian SEA3
AY849217,0,1031,323,2001,Asian SEA3_A1.1,Asian SEA3
AY849220,0,1031,323,2001,Asian SEA3_A1.1,Asian SEA3
AY849205,0,1031,323,2002,Asian SEA3_A1.1,Asian SEA3
AY849209,0,1031,323,2000,Asian SEA3_A1.1,Asian SEA3
AY849211,0,1031,323,2001,Asian SEA3_A1.1,Asian SEA3
AY849225,0,1031,323,2000,Asian SEA3_A1.1,Asian SEA3
AY849169,0,1031,323,2001,Asian SEA3_A1.1,Asian SEA3
AY849199,0,1031,323,2002,Asian SEA3_A1.1,Asian SEA3
AY849170,0,1031,323,2001,Asian SEA3_A1.1,Asian SEA3
AY849172,0,1031,323,2001,Asian SEA3_A1.1,Asian SEA3
AY849223,0,1031,323,2001,Asian SEA3_A1.1,Asian SEA3
AY849171,0,1031,323,2001,Asian SEA3_A1.1,Asian SEA3
AY849210,0,1031,323,2000,Asian SEA3_A1.1,Asian SEA3
AY849212,0,1031,323,2002,Asian SEA3_A1.1,Asian SEA3
AY849072,0,1031,323,1999,Asian SEA3_A1.1,Asian SEA3
AY849031,0,1031,323,1999,Asian SEA3_A1.1,Asian SEA3
AY849130,0,1031,323,2001,Asian SEA3_A1.1,Asian SEA3
AY849134,0,1031,323,1999,Asian SEA3_A1.1,Asian SEA3
AY849192,0,1031,323,2001,Asian SEA3_A1.1,Asian SEA3
AY849182,0,1031,323,2001,Asian SEA3_A1.1,Asian SEA3
AY849055,0,1031,323,1999,Asian SEA3_A1.1,Asian SEA3
AY849142,0,1031,323,2002,Asian SEA3_A1.1,Asian SEA3
AY849189,0,1031,323,2001,Asian SEA3_A1.1,Asian SEA3
AY849122,0,1031,323,1999,Asian SEA3_A1.1,Asian SEA3
AY849227,0,1031,323,2002,Asian SEA3_A1.1,Asian SEA3
AY849162,0,1031,323,2002,Asian SEA3_A1.1,Asian SEA3
AY849175,0,1031,323,2001,Asian SEA3_A1.1,Asian SEA3
AY849042,0,1031,323,1999,Asian SEA3_A1.1,Asian SEA3
AY849260,0,1031,323,2001,Asian SEA3_A1.1,Asian SEA3
AY849078,0,1031,323,2002,Asian SEA3_A1.1,Asian SEA3
AY849080,0,1031,323,2002,Asian SEA3_A1.1,Asian SEA3
AY849086,0,1031,323,2002,Asian SEA3_A1.1,Asian SEA3
AY849135,0,1031,323,2001,Asian SEA3_A1.1,Asian SEA3
AY849151,0,1031,323,2001,Asian SEA3_A1.1,Asian SEA3
AY849156,0,1031,323,2000,Asian SEA3_A1.1,Asian SEA3
AY849157,0,1031,323,2001,Asian SEA3_A1.1,Asian SEA3
AY849158,0,1031,323,2001,Asian SEA3_A1.1,Asian SEA3
AY849173,0,1031,323,2000,Asian SEA3_A1.1,Asian SEA3
AY849179,0,1031,323,2002,Asian SEA3_A1.1,Asian SEA3
AY849181,0,1031,323,2002,Asian SEA3_A1.1,Asian SEA3
AY849202,0,1031,323,2000,Asian SEA3_A1.1,Asian SEA3
AY849087,0,1031,323,2002,Asian SEA3_A1.1,Asian SEA3
AY849093,0,1031,323,2002,Asian SEA3_A1.1,Asian SEA3
AY849111,0,1031,323,2001,Asian SEA3_A1.1,Asian SEA3
AY849118,0,1031,323,2002,Asian SEA3_A1.1,Asian SEA3
AY849143,0,1031,323,2000,Asian SEA3_A1.1,Asian SEA3
AY849145,0,1031,323,2000,Asian SEA3_A1.1,Asian SEA3
AY849146,0,1031,323,2000,Asian SEA3_A1.1,Asian SEA3
AY849148,0,1031,323,2000,Asian SEA3_A1.1,Asian SEA3
AY849150,0,1031,323,2001,Asian SEA3_A1.1,Asian SEA3
AY849160,0,1031,323,2001,Asian SEA3_A1.1,Asian SEA3
AY849163,0,1031,323,2000,Asian SEA3_A1.1,Asian SEA3
AY849152,0,1031,323,2001,Asian SEA3_A1.1,Asian SEA3
AY849174,0,1031,323,2000,Asian SEA3_A1.1,Asian SEA3
AY849180,0,1031,323,2000,Asian SEA3_A1.1,Asian SEA3
AY849147,0,1031,323,2000,Asian SEA3_A1.1,Asian SEA3
AY849154,0,1031,323,2002,Asian SEA3_A1.1,Asian SEA3
AY849191,0,1031,323,2002,Asian SEA3_A1.1,Asian SEA3
AY849149,0,1031,323,2001,Asian SEA3_A1.1,Asian SEA3
AY849228,0,1031,323,2003,Asian SEA3_A1.1,Asian SEA3
AY849183,0,1031,323,2002,Asian SEA3_A1.1,Asian SEA3
AY849190,0,1031,323,2002,Asian SEA3_A1.1,Asian SEA3
AY849155,0,1031,323,2002,Asian SEA3_A1.1,Asian SEA3
AY849198,0,1031,323,2002,Asian SEA3_A1.1,Asian SEA3
AY849099,0,1031,323,2002,Asian SEA3_A1.1,Asian SEA3
AY849144,0,1031,323,2000,Asian SEA3_A1.1,Asian SEA3
AY849106,0,1031,323,2001,Asian SEA3_A1.1,Asian SEA3
AY849188,0,1031,323,200,Asian SEA3_A1.1,Asian SEA3
AY580134,0,1053,301,2000,Asian SEA3_H1,Asian SEA3
AY580135,0,1053,301,2000,Asian SEA3_H1,Asian SEA3
AY580136,0,1053,301,2000,Asian SEA3_H1,Asian SEA3
AY580137,0,1053,301,2000,Asian SEA3_H1,Asian SEA3
AY580138,0,1053,301,2000,Asian SEA3_H1,Asian SEA3
AY849064,0,1031,323,2000,Asian SEA3_H1,Asian SEA3
AY849065,0,1031,323,2000,Asian SEA3_H1,Asian SEA3
AY849066,0,1031,323,2000,Asian SEA3_H1,Asian SEA3
AY849068,0,1031,323,2000,Asian SEA3_H1,Asian SEA3
AY849070,0,1031,323,2000,Asian SEA3_H1,Asian SEA3
AY849140,0,1031,323,2002,Asian SEA3_H1,Asian SEA3
AY849197,0,1031,323,2002,Asian SEA3_H1,Asian SEA3
AY849194,0,1031,323,2002,Asian SEA3_H1,Asian SEA3
AY849229,0,1033,321,2003,Asian SEA3_H1,Asian SEA3
AY849243,0,1033,321,2002,Asian SEA3_H1,Asian SEA3
AY849246,0,1033,321,2003,Asian SEA3_H1,Asian SEA3
AY849249,0,1033,321,2002,Asian SEA3_H1,Asian SEA3
AY849230,0,1033,321,2003,Asian SEA3_H1,Asian SEA3
AY849219,0,1031,323,2000,Asian SEA3_A1.1,Asian SEA3
AY849222,0,1031,323,2002,Asian SEA3_A1.1,Asian SEA3
AY849239,0,1031,323,2002,Asian SEA3_A1.1,Asian SEA3
AY849240,0,1031,323,2002,Asian SEA3_A1.1,Asian SEA3
AY849242,0,1031,323,2002,Asian SEA3_A1.1,Asian SEA3
AY849259,0,1031,323,2002,Asian SEA3_A1.1,Asian SEA3
AY849241,0,1031,323,2002,Asian SEA3_A1.1,Asian SEA3
AY849024,0,1031,323,1999,Asian SEA3_A1.1,Asian SEA3
AB178892,0,1,1353,1985,B1.1,Asian SEA3
AB178896,0,1,1353,1963,B1.1,Asian SEA3
AB178893,0,1,1353,1985,B1.1,Asian SEA3
EU293111,0,1,1353,1983,B1.1,Asian SEA3
EU086208,0,1,1353,1983,B1.1,Asian SEA3
AY218996,0,13,1341,-,B1.1,Asian SEA3
AY219000,0,13,1341,-,B1.1,Asian SEA3
AY849030,0,1031,323,1999,B1.1,Asian SEA3
AY849032,0,1031,323,1999,B1.1,Asian SEA3
AY849045,0,1031,323,1999,B1.1,Asian SEA3
AY849051,0,1031,323,2000,B1.1,Asian SEA3
AY849063,0,1031,323,1999,B1.1,Asian SEA3
AY849074,0,1031,323,1998,B1.1,Asian SEA3
AY849128,0,1031,323,1999,B1.1,Asian SEA3
AY849033,0,1031,323,1999,B1.1,Asian SEA3
AY849047,0,1031,323,1999,B1.1,Asian SEA3
AY849037,0,1031,323,1999,B1.1,Asian SEA3
AY849038,0,1031,323,1999,B1.1,Asian SEA3
AY849043,0,1031,323,1999,B1.1,Asian SEA3
AY849048,0,1031,323,1999,B1.1,Asian SEA3
AY849153,0,1031,323,2000,B1.1,Asian SEA3
AY849166,0,1031,323,2002,B1.1,Asian SEA3
AY849178,0,1031,323,2000,B1.1,Asian SEA3
AY849185,0,1031,323,2001,B1.1,Asian SEA3
AY849067,0,1031,323,2001,B1.1,Asian SEA3
AY849121,0,1031,323,1999,B1.1,Asian SEA3
AY580100,0,1053,301,1999,B1.1,Asian SEA3
AY580102,0,1053,301,1999,B1.1,Asian SEA3
AY580131,0,1053,301,1999,B1.1,Asian SEA3
AY580133,0,1053,301,1998,B1.1,Asian SEA3
AY580140,0,1053,301,1999,B1.1,Asian SEA3
AY580141,0,1053,301,2001,B1.1,Asian SEA3
AY580103,0,1053,301,1999,B1.1,Asian SEA3
AY580154,0,1053,301,1999,B1.1,Asian SEA3
AY580107,0,1053,301,1999,B1.1,Asian SEA3
AY580108,0,1053,301,1999,B1.1,Asian SEA3
AY580152,0,1053,301,1999,B1.1,Asian SEA3
AY580120,0,1053,301,2001,B1.1,Asian SEA3
AY580146,0,1053,301,1999,B1.1,Asian SEA3
AY580089,0,1053,301,-,B1.1,Asian SEA3
AY580090,0,1053,301,1999,B1.1,Asian SEA3
AY580092,0,1053,301,2001,B1.1,Asian SEA3
AY580094,0,1053,301,2001,B1.1,Asian SEA3
AY580097,0,1053,301,2001,B1.1,Asian SEA3
AY580098,0,1053,301,1999,B1.1,Asian SEA3
AY580114,0,1053,301,2001,B1.1,Asian SEA3
AY580116,0,1053,301,2001,B1.1,Asian SEA3
AY580117,0,1053,301,2001,B1.1,Asian SEA3
AY580122,0,1053,301,2001,B1.1,Asian SEA3
AY580123,0,1053,301,2001,B1.1,Asian SEA3
AY580126,0,1053,301,2001,B1.1,Asian SEA3
AY580127,0,1053,301,1999,B1.1,Asian SEA3
AY580130,0,1053,301,1999,B1.1,Asian SEA3
AY580139,0,1053,301,1999,B1.1,Asian SEA3
AY580147,0,1053,301,1999,B1.1,Asian SEA3
AY580091,0,1053,301,1998,B1.1,Asian SEA3
AY580099,0,1053,301,1999,B1.1,Asian SEA3
AY580119,0,1053,301,2001,B1.1,Asian SEA3
AY580124,0,1053,301,2001,B1.1,Asian SEA3
AY580129,0,1053,301,2001,B1.1,Asian SEA3
AY580142,0,1053,301,2001,B1.1,Asian SEA3
AY580143,0,1053,301,1999,B1.1,Asian SEA3
AY580145,0,1053,301,1999,B1.1,Asian SEA3
AY580156,0,1053,301,1999,B1.1,Asian SEA3
AY580105,0,1053,301,1999,B1.1,Asian SEA3
AY580121,0,1053,301,2001,B1.1,Asian SEA3
AY580106,0,1053,301,1999,B1.1,Asian SEA3
AY580110,0,1053,301,2001,B1.1,Asian SEA3
AY580111,0,1053,301,2001,B1.1,Asian SEA3
AY580155,0,1053,301,1999,B1.1,Asian SEA3
AY849036,0,1031,323,2001,B1.1,Asian SEA3
AY849040,0,1031,323,2001,B1.1,Asian SEA3
AY849041,0,1031,323,2001,B1.1,Asian SEA3
AY849050,0,1031,323,1999,B1.1,Asian SEA3
AY849105,0,1031,323,2002,B1.1,Asian SEA3
AY849139,0,1031,323,2002,B1.1,Asian SEA3
AY849109,0,1031,323,2001,B1.1,Asian SEA3
AY849126,0,1031,323,2001,B1.1,Asian SEA3
AY849236,0,1031,323,2002,B1.1,Asian SEA3
AY849237,0,1031,323,2002,B1.1,Asian SEA3
AY849238,0,1031,323,2002,B1.1,Asian SEA3
AY849248,0,1031,323,2003,B1.1,Asian SEA3
AY849252,0,1031,323,2003,B1.1,Asian SEA3
AY849247,0,1031,323,2002,B1.1,Asian SEA3
AY849253,0,1031,323,2003,B1.1,Asian SEA3
AY849251,0,1031,323,2003,B1.1,Asian SEA3
AY849254,0,1031,323,2003,B1.1,Asian SEA3
AY849255,0,1031,323,2002,B1.1,Asian SEA3
AY849256,0,1031,323,2003,B1.1,Asian SEA3
AY218997,0,13,1341,-,B1.1,Asian SEA3
AY218998,0,13,1341,-,B1.1,Asian SEA3
AY219002,0,13,1341,-,B1.1,Asian SEA3
DQ267925,0,13,1341,2003,B1.1,Asian SEA3
AY218999,0,13,1341,-,B1.1,Asian SEA3
AY219001,0,13,1341,-,B1.1,Asian SEA3
AY849022,0,1031,323,2001,B1.1,Asian SEA3
AY849029,0,1031,323,1999,B1.1,Asian SEA3
AY849049,0,1031,323,1999,B1.1,Asian SEA3
AY849026,0,1031,323,1999,B1.1,Asian SEA3
AY849044,0,1031,323,1999,B1.1,Asian SEA3
AY849053,0,1031,323,2001,B1.1,Asian SEA3
AY849077,0,1031,323,2001,B1.1,Asian SEA3
AY849112,0,1031,323,2001,B1.1,Asian SEA3
AY849071,0,1031,323,1999,B1.1,Asian SEA3
AY849073,0,1031,323,2001,B1.1,Asian SEA3
AY849076,0,1031,323,1999,B1.1,Asian SEA3
AY849123,0,1031,323,2001,B1.1,Asian SEA3
AY849054,0,1031,323,1999,B1.1,Asian SEA3
AY849056,0,1031,323,1999,B1.1,Asian SEA3
AY849234,0,1031,323,2002,B1.1,Asian SEA3
AY849027,0,1031,323,2001,B1.1,Asian SEA3
AY849075,0,1031,323,1998,B1.1,Asian SEA3
AY849136,0,1031,323,1999,B1.1,Asian SEA3
AY849025,0,1031,323,1999,B1.1,Asian SEA3
AY849035,0,1031,323,1999,B1.1,Asian SEA3
AY849052,0,1031,323,2000,B1.1,Asian SEA3
AY849113,0,1031,323,1999,B1.1,Asian SEA3
AB116579,0,766,588,-,Asian SEA3_A1.1,Asian SEA3
AB116580,0,766,588,-,Asian SEA3_A1.1,Asian SEA3
AB299032,0,765,589,1999,Asian SEA3_A1.1,Asian SEA3
AB299034,0,765,589,1999,Asian SEA3_A1.1,Asian SEA3
AB299037,0,765,589,2000,Asian SEA3_A1.1,Asian SEA3
AB299033,0,765,589,1999,Asian SEA3_A1.1.3,Asian SEA3
AB299035,0,765,589,1999,Asian SEA3_A1.1.3,Asian SEA3
AB299038,0,765,589,2001,Asian SEA3_A1.1.3,Asian SEA3
AB299036,0,765,589,1999,Asian SEA3_A1.1,Asian SEA3
AB299039,0,765,589,2001,Asian SEA3_A1.1,Asian SEA3
MK790255,0,816,538,2019,Asian SEA3_A1.1,Asian SEA3
MK790256,0,781,573,2019,Asian SEA3_B1.1,Asian SEA3
AB178894,0,1,1353,1985,Asian SEA3_A1.1,Asian SEA3
GU992307,0,1,1353,1983,Asian SEA3_A1.1,Asian SEA3
EU086207,0,1,1353,1983,Asian SEA3_A1.1,Asian SEA3
AB178895,0,1,1353,1977,Asian SEA3_A1.1,Asian SEA3
EU086206,0,1,1353,1983,Asian SEA3_A1.1,Asian SEA3
EU086167,0,1,1353,1999,Asian SEA3_A1.1,Asian SEA3
KM366309,0,7,1347,1999,Asian SEA3_A1.1,Asian SEA3
KX148252,0,1,1353,1999,Asian SEA3_A1.1,Asian SEA3
EU086168,0,1,1353,1998,Asian SEA3_A1.1.2,Asian SEA3
EU086169,0,1,1353,1998,Asian SEA3_A1.1.4,Asian SEA3
KX148251,0,1,1353,1998,Asian SEA3_A1.1.2,Asian SEA3
KX148253,0,1,1353,1998,Asian SEA3_A1.1.4,Asian SEA3
KM366202,0,7,1347,2008,Asian SEA3_B1.1,Asian SEA3
KM366350,0,7,1347,2004,Asian SEA3_B1.1,Asian SEA3
KM366216,0,7,1347,2010,Asian SEA3_B1.1,Asian SEA3
KM366221,0,7,1347,2011,Asian SEA3_B1.1,Asian SEA3
KM366222,0,7,1347,2011,Asian SEA3_B1.1,Asian SEA3
KM366223,0,7,1347,2010,Asian SEA3_B1.1,Asian SEA3
KM366225,0,7,1347,2011,Asian SEA3_B1.1,Asian SEA3
KM366317,0,7,1347,2003,Asian SEA3_B1.1,Asian SEA3
KM366291,0,7,1347,2003,Asian SEA3_B1,Asian SEA3
KM366313,0,7,1347,2004,Asian SEA3_B1,Asian SEA3
KM366310,0,7,1347,2008,Asian SEA3_B1,Asian SEA3
KM366316,0,7,1347,2005,Asian SEA3_B1.1,Asian SEA3
KM366208,0,7,1347,2004,Asian SEA3_C1,Asian SEA3
KM366305,0,7,1347,2002,Asian SEA3_C1,Asian SEA3
KM366232,0,7,1347,2003,Asian SEA3_C1,Asian SEA3
KM366250,0,7,1347,2003,Asian SEA3_C1,Asian SEA3
KM366311,0,7,1347,2007,Asian SEA3_C1,Asian SEA3
KM366312,0,7,1347,2005,Asian SEA3_C1,Asian SEA3
KM366347,0,7,1347,2005,Asian SEA3_C1,Asian SEA3
KM366252,0,7,1347,1998,Asian SEA3_A1.1.4,Asian SEA3
KM366332,0,7,1347,1998,Asian SEA3_A1.1.4,Asian SEA3
KM366248,0,7,1347,2006,Asian SEA3_A1.1.2,Asian SEA3
KM366306,0,7,1347,1998,Asian SEA3_A1.1.2,Asian SEA3
KM366315,0,7,1347,2006,Asian SEA3_A1.1.2,Asian SEA3
KM366295,0,7,1347,1999,Asian SEA3_A1.1,Asian SEA3
KM366296,0,7,1347,2007,Asian SEA3_C1,Asian SEA3
KM366219,0,7,1347,2004,Asian SEA3_C1,Asian SEA3
KM366346,0,7,1347,2005,Asian SEA3_C1,Asian SEA3
KM366236,0,7,1347,2008,Asian SEA3_B1.1,Asian SEA3
KM366237,0,7,1347,2008,Asian SEA3_B1.1,Asian SEA3
KM366205,0,7,1347,2010,Asian SEA3_A1.1.6,Asian SEA3
KM366211,0,7,1347,2010,Asian SEA3_A1.1.6,Asian SEA3
KM366212,0,7,1347,2008,Asian SEA3_A1.1.6,Asian SEA3
KM366228,0,7,1347,2008,Asian SEA3_A1.1.6,Asian SEA3
KM366229,0,7,1347,2011,Asian SEA3_A1.1.6,Asian SEA3
KM366303,0,7,1347,2007,Asian SEA3_A1.1.6,Asian SEA3
KM366304,0,7,1347,2001,Asian SEA3_A1.1.6,Asian SEA3
KM366348,0,7,1347,2006,Asian SEA3_A1.1.6,Asian SEA3
KM366214,0,7,1347,2003,Asian SEA3_A1.1,Asian SEA3
KM366215,0,7,1347,2002,Asian SEA3_A1.1,Asian SEA3
KM366224,0,7,1347,2000,Asian SEA3_A1.1,Asian SEA3
KM366341,0,7,1347,2004,Asian SEA3_A1.1,Asian SEA3
KM366253,0,7,1347,2007,Asian SEA3_A1.1.6,Asian SEA3
KM366207,0,7,1347,2007,Asian SEA3_A1.1.6,Asian SEA3
KM366233,0,7,1347,2002,Asian SEA3_D1,Asian SEA3
KM366234,0,7,1347,1999,Asian SEA3_D1,Asian SEA3
KM366328,0,7,1347,1999,Asian SEA3_D1,Asian SEA3
KM366251,0,7,1347,1998,Asian SEA3_A1.1.1,Asian SEA3
KM366327,0,7,1347,1999,Asian SEA3_A1.1.1,Asian SEA3
KM366329,0,7,1347,1998,Asian SEA3_A1.1.1,Asian SEA3
KM366330,0,7,1347,1998,Asian SEA3_A1.1.1,Asian SEA3
KM366325,0,7,1347,2001,Asian SEA3_A1.1.1,Asian SEA3
KM366344,0,7,1347,2004,Asian SEA3_A1.1.1,Asian SEA3
KM366261,0,7,1347,2005,Asian SEA3_D1,Asian SEA3
KM366273,0,7,1347,2004,Asian SEA3_D1,Asian SEA3
KM366340,0,7,1347,2004,Asian SEA3_D1,Asian SEA3
KM366246,0,7,1347,2006,Asian SEA3_A1.1.1,Asian SEA3
KM366280,0,7,1347,2008,Asian SEA3_A1.1.1,Asian SEA3
KM366264,0,7,1347,2001,Asian SEA3_A1.1.1,Asian SEA3
KM366265,0,7,1347,2000,Asian SEA3_A1.1.1,Asian SEA3
KM366277,0,7,1347,2002,Asian SEA3_A1.1.1,Asian SEA3
KM366278,0,7,1347,2001,Asian SEA3_A1.1.1,Asian SEA3
KM366293,0,7,1347,2007,Asian SEA3_A1.1.1,Asian SEA3
KM366241,0,7,1347,1999,Asian SEA3_A1.1,Asian SEA3
KM366307,0,7,1347,1998,Asian SEA3_A1.1,Asian SEA3
KM366321,0,7,1347,2001,Asian SEA3_D1,Asian SEA3
KM366259,0,7,1347,2004,Asian SEA3_D1,Asian SEA3
KM366300,0,7,1347,2002,Asian SEA3_D1,Asian SEA3
KM366271,0,7,1347,2001,Asian SEA3_D1,Asian SEA3
KM366326,0,7,1347,2000,Asian SEA3_D1,Asian SEA3
KM366297,0,7,1347,2004,Asian SEA3_D1,Asian SEA3
KM366298,0,7,1347,2002,Asian SEA3_D1,Asian SEA3
KM366243,0,7,1347,2007,Asian SEA3_D1,Asian SEA3
KM366245,0,7,1347,2000,Asian SEA3_D1,Asian SEA3
KM366334,0,7,1347,1999,Asian SEA3_D1,Asian SEA3
KM366331,0,7,1347,2009,Asian SEA3_D1,Asian SEA3
KM366333,0,7,1347,2009,Asian SEA3_D1,Asian SEA3
KM366239,0,7,1347,1999,Asian SEA3_E1,Asian SEA3
KM366240,0,7,1347,2001,Asian SEA3_E1,Asian SEA3
KM366324,0,7,1347,2003,Asian SEA3_E1,Asian SEA3
KM366319,0,7,1347,2008,Asian SEA3_E1,Asian SEA3
KM366339,0,7,1347,2004,Asian SEA3_E1,Asian SEA3
KM366323,0,7,1347,2006,Asian SEA3_E1,Asian SEA3
KM366263,0,7,1347,2011,Asian SEA3_E1,Asian SEA3
KM366318,0,7,1347,2010,Asian SEA3_E1,Asian SEA3
KM366322,0,7,1347,2011,Asian SEA3_E1,Asian SEA3
KM366255,0,7,1347,2011,Asian SEA3_E1,Asian SEA3
KM366266,0,7,1347,2010,Asian SEA3_E1,Asian SEA3
KM366292,0,7,1347,2006,Asian SEA3_E1,Asian SEA3
KM366247,0,7,1347,2002,Asian SEA3_F1,Asian SEA3
KM366282,0,7,1347,2000,Asian SEA3_F1,Asian SEA3
KM366342,0,7,1347,2004,Asian SEA3_F1,Asian SEA3
KM366345,0,7,1347,2004,Asian SEA3_F1,Asian SEA3
KM366349,0,7,1347,2004,Asian SEA3_F1,Asian SEA3
KM366274,0,7,1347,2008,Asian SEA3_F1,Asian SEA3
KM366281,0,7,1347,2008,Asian SEA3_F1,Asian SEA3
KM366276,0,7,1347,2006,Asian SEA3_F1,Asian SEA3
KX148249,0,1,1353,1998,Asian SEA3_F1,Asian SEA3
KX148250,0,1,1353,1999,Asian SEA3_D1,Asian SEA3
KM366279,0,7,1347,2008,Asian SEA3_D1,Asian SEA3
KM366235,0,7,1347,2009,Asian SEA3_A1.1,Asian SEA3
KM366249,0,7,1347,2005,Asian SEA3_A1.1,Asian SEA3
KM366238,0,7,1347,2009,Asian SEA3_A1.1,Asian SEA3
KM366289,0,7,1347,2007,Asian SEA3_A1.1,Asian SEA3
KM366258,0,7,1347,2006,Asian SEA3_A1.1,Asian SEA3
KM366269,0,7,1347,1999,Asian SEA3_A1.1,Asian SEA3
KM366272,0,7,1347,2003,Asian SEA3_A1.1,Asian SEA3
KM366288,0,7,1347,2009,Asian SEA3_A1.1,Asian SEA3
KM366231,0,7,1347,2008,Asian SEA3_A1.1,Asian SEA3
KM366294,0,7,1347,2006,Asian SEA3_A1.1,Asian SEA3
KM366290,0,7,1347,2001,Asian SEA3_A1.1,Asian SEA3
KM366302,0,7,1347,2004,Asian SEA3_A1.1,Asian SEA3
KM366284,0,7,1347,2011,Asian SEA3_A1.1,Asian SEA3
KM366275,0,7,1347,2000,Asian SEA3_A1.1,Asian SEA3
KM366335,0,7,1347,2000,Asian SEA3_A1.1,Asian SEA3
KM366308,0,7,1347,2003,Asian SEA3_A1.1,Asian SEA3
KM366286,0,7,1347,2011,Asian SEA3_A1.1,Asian SEA3
KM366203,0,7,1347,2006,Asian SEA3_A1.1,Asian SEA3
KM366256,0,7,1347,2002,Asian SEA3_A1.1,Asian SEA3
KM366285,0,7,1347,1998,Asian SEA3_A1.1,Asian SEA3
KM366287,0,7,1347,1998,Asian SEA3_A1.1,Asian SEA3
KM366244,0,7,1347,2000,Asian SEA3_D1,Asian SEA3
EU086171,0,1,1353,1999,Asian SEA3_D1,Asian SEA3
EU086172,0,1,1353,1998,Asian SEA3_F1,Asian SEA3
KM366320,0,7,1347,2007,Asian SEA3_A1.1,Asian SEA3
KM366336,0,7,1347,2010,Asian SEA3_B1.1,Asian SEA3
KM366338,0,7,1347,2010,Asian SEA3_B1.1,Asian SEA3
EU086209,0,1,1353,2001,Asian SEA3_A1.1,Asian SEA3
KX148254,0,1,1353,2001,Asian SEA3_A1.1,Asian SEA3
EU086210,0,1,1353,2001,Asian SEA3_A1.1.3,Asian SEA3
KM366204,0,7,1347,2004,Asian SEA3_G1,Asian SEA3
KM366206,0,7,1347,2004,Asian SEA3_G1,Asian SEA3
KM366209,0,7,1347,2002,Asian SEA3_G1,Asian SEA3
KM366210,0,7,1347,2000,Asian SEA3_G1,Asian SEA3
KM366226,0,7,1347,2001,Asian SEA3_G1,Asian SEA3
KM366218,0,7,1347,2003,Asian SEA3_G1,Asian SEA3
KM366213,0,7,1347,1998,Asian SEA3_A1.1.3,Asian SEA3
KM366220,0,7,1347,2011,Asian SEA3_G1,Asian SEA3
KM366343,0,8,1346,2004,Asian SEA3_G1,Asian SEA3
KM366267,0,7,1347,2010,Asian SEA3_A1.1.3,Asian SEA3
KM366230,0,7,1347,2011,Asian SEA3_A1.1.3,Asian SEA3
KM366337,0,7,1347,2009,Asian SEA3_G1,Asian SEA3
KM366314,0,7,1347,2009,Asian SEA3_A1.1.6,Asian SEA3
KM366217,0,7,1347,2009,Asian SEA3_A1.1,Asian SEA3
KM366299,0,7,1347,2009,Asian SEA3_A1.1,Asian SEA3
KM366242,0,7,1347,2001,Asian SEA3_A1.1,Asian SEA3
KM366257,0,7,1347,2006,Asian SEA3_A1.1,Asian SEA3
KM366270,0,7,1347,2003,Asian SEA3_A1.1,Asian SEA3
KM366260,0,7,1347,2002,Asian SEA3_A1.1,Asian SEA3
KM366254,0,7,1347,2009,Asian SEA3_A1.1,Asian SEA3
KM366262,0,7,1347,2009,Asian SEA3_A1.1,Asian SEA3
KM366283,0,7,1347,2009,Asian SEA3_F1,Asian SEA3
KM366227,0,7,1347,2010,Asian SEA3_G1,Asian SEA3
KM366301,0,7,1347,2009,Asian SEA3_A1.1,Asian SEA3
AB981677,0,1,1353,2012,Asian SEA3_A1.1,Asian SEA3
MN075931,0,1,1353,1999,Asian SEA3_A1.1,Asian SEA3
GQ303555,0,1,1353,2009,Asian SEA3_A1.1,Asian SEA3
GQ303556,0,1,1353,2009,Asian SEA3_A1.1,Asian SEA3
MH828450,0,773,581,2018,Asian SEA3_A1.1,Asian SEA3
MK790254,0,778,576,2018,Asian SEA3_A1.1,Asian SEA3
MK790257,0,774,580,2019,Asian SEA3_A1.1,Asian SEA3
AB981664,0,1,1353,2011,Asian SEA3_H1,Asian SEA3
AB981665,0,1,1353,2011,Asian SEA3_H1,Asian SEA3
AB981666,0,1,1353,2011,Asian SEA3_H1,Asian SEA3
AB981670,0,1,1353,2011,Asian SEA3_H1,Asian SEA3
AB981672,0,1,1353,2012,Asian SEA3_H1,Asian SEA3
AB981675,0,1,1353,2012,Asian SEA3_H1,Asian SEA3
AB981668,0,1,1353,2011,Asian SEA3_H1,Asian SEA3
AB981667,0,1,1353,2011,Asian SEA3_H1,Asian SEA3
AB981671,0,1,1353,2012,Asian SEA3_H1,Asian SEA3
AB981673,0,1,1353,2012,Asian SEA3_H1,Asian SEA3
AB981669,0,1,1353,2011,Asian SEA3_H1,Asian SEA3
EU086193,0,1,1353,1999,Asian SEA3_A1.1,Asian SEA3
EU086195,0,1,1353,2002,Asian SEA3_A1.1,Asian SEA3
KX148255,0,1,1353,1999,Asian SEA3_A1.1,Asian SEA3
KX148256,0,1,1353,2002,Asian SEA3_A1.1,Asian SEA3
KX148257,0,1,1353,2002,Asian SEA3_A1.1,Asian SEA3
KX148258,0,1,1353,2002,Asian SEA3_A1.1,Asian SEA3
EU086194,0,1,1353,2002,Asian SEA3_A1.1,Asian SEA3
EU086213,0,954,400,2002,Asian SEA3_A1.1,Asian SEA3
AB981663,0,1,1353,2011,Asian SEA3_A1.1,Asian SEA3
AB981674,0,1,1353,2012,Asian SEA3_A1.1,Asian SEA3
AB981676,0,1,1353,2012,Asian SEA3_A1.1,Asian SEA3
EU086170,0,7,1347,1997,Asian SEA3_A1.1,Asian SEA3
KM366268,0,7,1347,2005,Asian SEA3_A1.1,Asian SEA3
EU086164,0,1,1353,1999,Asian SEA3_A1,Asian SEA3
EU086166,0,1,1353,1999,Asian SEA3_A1,Asian SEA3
KX148248,0,1,1353,1999,Asian SEA3_A1,Asian SEA3
KX148247,0,1,1353,1999,Asian SEA3_A1,Asian SEA3
EU086165,0,1,1353,1999,Asian SEA3_A1,Asian SEA3
MW055234,0,1,1353,2017,Asian SEA3_A1.1,Asian SEA3
AB628211,0,958,396,2009,Asian SEA3_A1.1,Asian SEA3
MW690139,0,1,1353,2015,Asian SEA3_A1.1,Asian SEA3
MW690140,0,1,1353,2015,Asian SEA3_A1.1,Asian SEA3
MW690141,0,1,1353,2016,Asian SEA3_A1.1,Asian SEA3
MW690152,0,1,1353,2018,Asian SEA3_A1.1,Asian SEA3
MW690154,0,1,1353,2018,Asian SEA3_A1.1,Asian SEA3
MW690155,0,1,1353,2018,Asian SEA3_A1.1,Asian SEA3
MW690142,0,1,1353,2017,Asian SEA3_A1.1,Asian SEA3
EU086215,0,954,400,1997,Asian SEA3_A1.1,Asian SEA3
EU086216,0,954,400,1986,B1.1,Asian SEA3
EU086217,0,955,399,1983,B1.1,Asian SEA3
EU086218,0,955,399,1983,B1.1,Asian SEA3
AB614373,0,970,384,2007,Asian SEA3_A1.1,Asian SEA3
AB614374,0,967,387,2009,Asian SEA3_A1.1,Asian SEA3
AB614378,0,970,384,2009,Asian SEA3_A1.1,Asian SEA3
AB614377,0,1042,312,2009,Asian SEA3_A1.1,Asian SEA3
AB614375,0,967,387,2009,Asian SEA3_A1.1,Asian SEA3
AB614376,0,970,384,2009,Asian SEA3_A1.1,Asian SEA3
AB628213,0,1015,339,2009,Asian SEA3_A1.1,Asian SEA3
AB628214,0,955,399,2007,A1.1.1,Asian SEA1b
AB614372,0,956,398,2007,B1,Cosmopolitan Vac
AB614384,0,970,384,2007,B1,Cosmopolitan Vac
AB628212,0,970,384,2007,B1,Cosmopolitan Vac
AB614385,0,967,387,2007,B1,Cosmopolitan Vac
AB628210,0,1060,294,2007,B1,Cosmopolitan Vac
AB614383,0,970,384,2007,B1,Cosmopolitan
AY138573,0,1087,267,1989,NA,Asian SEA1b
AY138574,0,1087,267,1989,NA,Asian SEA1b
MK370421,0,960,394,2014,C1,Asian SEA1b
MK370423,0,960,394,2014,C1,Asian SEA1b
MK370424,0,960,394,2013,C1,Asian SEA1b
MK370425,0,960,394,2013,C1,Asian SEA1b
MK370426,0,960,394,2013,C1,Asian SEA1b
MK370430,0,960,394,2013,C1,Asian SEA1b
MK370431,0,960,394,2013,C1,Asian SEA1b
MK370432,0,960,394,2013,C1,Asian SEA1b
MK370422,0,960,394,2012,C1,Asian SEA1b
MK370429,0,960,394,2013,C1,Asian SEA1b
MK370427,0,960,394,2013,C1,Asian SEA1b
MK370428,0,960,394,2013,C1,Asian SEA1b
AB093432,0,1093,261,1999,Asian SEA3_A1.1,Asian SEA3
AY138572,0,1087,267,1995,Asian SEA3_A1.1,Asian SEA3
MK370433,0,960,394,2014,Asian SEA3_A1.1,Asian SEA3
MK370434,0,960,394,2014,Asian SEA3_A1.1,Asian SEA3